-- MySQL dump 10.13  Distrib 5.5.62, for Win64 (AMD64)
--
-- Host: localhost    Database: czxt_honghong520
-- ------------------------------------------------------
-- Server version	5.5.62-log

/*!40101 SET @OLD_CHARACTER_SET_CLIENT=@@CHARACTER_SET_CLIENT */;
/*!40101 SET @OLD_CHARACTER_SET_RESULTS=@@CHARACTER_SET_RESULTS */;
/*!40101 SET @OLD_COLLATION_CONNECTION=@@COLLATION_CONNECTION */;
/*!40101 SET NAMES utf8 */;
/*!40103 SET @OLD_TIME_ZONE=@@TIME_ZONE */;
/*!40103 SET TIME_ZONE='+00:00' */;
/*!40014 SET @OLD_UNIQUE_CHECKS=@@UNIQUE_CHECKS, UNIQUE_CHECKS=0 */;
/*!40014 SET @OLD_FOREIGN_KEY_CHECKS=@@FOREIGN_KEY_CHECKS, FOREIGN_KEY_CHECKS=0 */;
/*!40101 SET @OLD_SQL_MODE=@@SQL_MODE, SQL_MODE='NO_AUTO_VALUE_ON_ZERO' */;
/*!40111 SET @OLD_SQL_NOTES=@@SQL_NOTES, SQL_NOTES=0 */;

--
-- Table structure for table `czxt_ip`
--

DROP TABLE IF EXISTS `czxt_ip`;
/*!40101 SET @saved_cs_client     = @@character_set_client */;
/*!40101 SET character_set_client = utf8 */;
CREATE TABLE `czxt_ip` (
  `id` int(11) NOT NULL AUTO_INCREMENT COMMENT '编号',
  `ip` varchar(20) NOT NULL COMMENT 'IP地址',
  `date` date NOT NULL COMMENT '日期',
  `time` int(11) NOT NULL COMMENT '次数',
  PRIMARY KEY (`id`)
) ENGINE=MyISAM AUTO_INCREMENT=83 DEFAULT CHARSET=utf8;
/*!40101 SET character_set_client = @saved_cs_client */;

--
-- Dumping data for table `czxt_ip`
--

LOCK TABLES `czxt_ip` WRITE;
/*!40000 ALTER TABLE `czxt_ip` DISABLE KEYS */;
INSERT INTO `czxt_ip` VALUES (11,'112.8.128.32','2020-10-26',0),(13,'111.17.201.237','2020-10-27',0),(14,'223.104.192.205','2020-10-27',1),(15,'111.17.201.240','2020-10-27',1),(16,'223.104.2.187','2020-10-28',19),(17,'112.224.22.66','2020-10-28',20),(18,'112.224.21.49','2020-10-28',0),(19,'112.224.5.34','2020-10-28',1),(20,'112.8.128.43','2020-10-28',20),(21,'112.224.23.49','2020-10-28',0),(22,'111.17.201.242','2020-10-28',17),(23,'111.17.201.226','2020-10-29',20),(24,'111.17.201.251','2020-10-29',1),(25,'112.8.128.23','2020-10-29',19),(26,'112.8.128.43','2020-10-29',0),(27,'111.17.201.236','2020-10-29',20),(28,'117.136.99.185','2020-10-29',1),(29,'223.104.2.187','2020-10-29',18),(30,'61.179.24.28','2020-10-29',20),(31,'112.8.128.43','2020-10-30',17),(32,'111.17.201.227','2020-10-30',20),(33,'223.104.2.187','2020-10-30',17),(34,'111.17.201.250','2020-10-30',19),(35,'111.17.201.242','2020-10-30',20),(36,'112.8.128.23','2020-10-30',20),(37,'112.224.1.176','2020-10-30',20),(38,'112.224.2.234','2020-10-30',20),(39,'112.8.128.43','2020-10-31',20),(40,'112.8.128.23','2020-10-31',20),(41,'223.104.2.187','2020-10-31',20),(42,'112.8.128.23','2020-11-01',20),(43,'112.224.20.190','2020-11-01',19),(44,'223.104.191.113','2020-11-01',19),(45,'112.8.128.4','2020-11-01',0),(46,'223.104.190.1','2020-11-01',1),(47,'222.134.129.3','2020-11-01',19),(48,'112.8.128.52','2020-11-01',999),(49,'112.224.20.190','2020-11-02',20),(50,'111.17.201.235','2020-11-02',20),(51,'222.134.129.3','2020-11-02',994),(52,'111.17.201.233','2020-11-02',20),(53,'112.8.128.19','2020-11-02',0),(54,'112.8.128.8','2020-11-02',989),(55,'112.8.128.43','2020-11-02',19),(56,'112.8.128.43','2020-11-03',17),(57,'223.104.190.1','2020-11-03',999),(58,'117.136.94.65','2020-11-03',999),(59,'112.8.128.23','2020-11-03',0),(60,'223.104.189.237','2020-11-03',17),(61,'112.8.128.23','2020-11-04',20),(62,'111.17.201.244','2020-11-04',19),(63,'112.224.2.119','2020-11-04',18),(64,'223.104.189.237','2020-11-04',18),(65,'112.8.128.43','2020-11-04',0),(66,'222.134.129.3','2020-11-04',19),(67,'218.56.108.218','2020-11-04',1),(68,'223.104.189.161','2020-11-04',0),(69,'111.17.201.238','2020-11-04',18),(70,'117.136.93.241','2020-11-04',1),(71,'111.17.201.243','2020-11-04',1),(72,'111.17.201.243','2020-11-05',1),(73,'223.104.189.161','2020-11-05',0),(74,'111.17.201.236','2020-11-05',998),(75,'223.104.189.237','2020-11-05',13),(76,'112.224.17.235','2020-11-05',20),(77,'111.17.201.230','2020-11-05',19),(78,'111.17.201.237','2020-11-05',19),(79,'223.104.190.19','2020-11-05',0),(80,'111.17.201.248','2020-11-05',13),(81,'112.8.128.15','2020-11-05',0),(82,'112.224.2.119','2020-11-05',20);
/*!40000 ALTER TABLE `czxt_ip` ENABLE KEYS */;
UNLOCK TABLES;

--
-- Table structure for table `czxt_time`
--

DROP TABLE IF EXISTS `czxt_time`;
/*!40101 SET @saved_cs_client     = @@character_set_client */;
/*!40101 SET character_set_client = utf8 */;
CREATE TABLE `czxt_time` (
  `id` int(11) NOT NULL AUTO_INCREMENT COMMENT '编号',
  `uname` varchar(100) NOT NULL COMMENT '用户名',
  `date` date NOT NULL COMMENT '日期',
  `time` int(11) NOT NULL COMMENT '次数',
  PRIMARY KEY (`id`)
) ENGINE=MyISAM AUTO_INCREMENT=71 DEFAULT CHARSET=utf8;
/*!40101 SET character_set_client = @saved_cs_client */;

--
-- Dumping data for table `czxt_time`
--

LOCK TABLES `czxt_time` WRITE;
/*!40000 ALTER TABLE `czxt_time` DISABLE KEYS */;
INSERT INTO `czxt_time` VALUES (13,'李威','2020-10-26',20),(15,'李威','2020-10-27',20),(16,'李威2','2020-10-27',0),(17,'李威','2020-10-28',17),(18,'窦康泰','2020-10-28',20),(19,'景汉伟','2020-10-28',0),(20,'赵丽红','2020-10-28',1),(21,'姜富超','2020-10-28',20),(22,'于志家','2020-10-28',0),(23,'李威','2020-10-29',18),(24,'陈义','2020-10-29',0),(25,'江斌','2020-10-29',0),(26,'施雅婕','2020-10-29',1),(27,'带篮子','2020-10-29',19),(28,'赵丽红','2020-10-29',20),(29,'李威','2020-10-30',17),(30,'窦康泰','2020-10-30',20),(31,'带篮子','2020-10-30',20),(32,'赵丽红','2020-10-30',20),(33,'李威','2020-10-31',20),(34,'带篮子','2020-10-31',20),(35,'带篮子','2020-11-01',20),(36,'陈义','2020-11-01',19),(37,'李威','2020-11-01',19),(38,'齐文龙','2020-11-01',0),(39,'王飞','2020-11-01',1),(40,'嘿嘿','2020-11-01',999),(41,'陈义','2020-11-02',20),(42,'嘿嘿','2020-11-02',989),(43,'带篮子','2020-11-02',20),(44,'齐文龙','2020-11-02',0),(45,'李威','2020-11-02',19),(46,'李威','2020-11-03',17),(47,'窦康泰','2020-11-03',20),(48,'嘿嘿','2020-11-03',999),(49,'齐文龙','2020-11-03',0),(50,'陈义','2020-11-04',18),(51,'李威','2020-11-04',18),(52,'窦康泰','2020-11-04',20),(53,'景汉伟','2020-11-04',19),(54,'苟振强','2020-11-04',0),(55,'齐文龙','2020-11-04',0),(56,'江斌','2020-11-04',1),(57,'王飞','2020-11-04',1),(58,'张鑫豪','2020-11-04',18),(59,'a10001','2020-11-04',1),(60,'姜富超','2020-11-04',20),(61,'a10001','2020-11-05',1),(62,'苟振强','2020-11-05',0),(63,'嘿嘿','2020-11-05',998),(64,'李威','2020-11-05',13),(65,'景汉伟','2020-11-05',20),(66,'姜富超','2020-11-05',19),(67,'张鑫豪','2020-11-05',19),(68,'齐文龙','2020-11-05',0),(69,'王飞','2020-11-05',0),(70,'陈义','2020-11-05',20);
/*!40000 ALTER TABLE `czxt_time` ENABLE KEYS */;
UNLOCK TABLES;

--
-- Table structure for table `czxt_user`
--

DROP TABLE IF EXISTS `czxt_user`;
/*!40101 SET @saved_cs_client     = @@character_set_client */;
/*!40101 SET character_set_client = utf8 */;
CREATE TABLE `czxt_user` (
  `uid` int(11) NOT NULL AUTO_INCREMENT COMMENT '编号',
  `username` varchar(100) NOT NULL COMMENT '用户名',
  `password` varchar(100) NOT NULL COMMENT '密码',
  `vip` int(11) NOT NULL DEFAULT '0' COMMENT '会员等级',
  `email` varchar(100) DEFAULT NULL COMMENT '邮箱',
  `time` int(11) NOT NULL DEFAULT '1' COMMENT '剩余次数',
  `deadline` datetime NOT NULL DEFAULT '2020-01-01 00:00:00' COMMENT '会员有效日期',
  `status` int(11) NOT NULL DEFAULT '0' COMMENT '账户状态',
  PRIMARY KEY (`uid`),
  UNIQUE KEY `username` (`username`),
  UNIQUE KEY `email` (`email`)
) ENGINE=MyISAM AUTO_INCREMENT=31 DEFAULT CHARSET=utf8;
/*!40101 SET character_set_client = @saved_cs_client */;

--
-- Dumping data for table `czxt_user`
--

LOCK TABLES `czxt_user` WRITE;
/*!40000 ALTER TABLE `czxt_user` DISABLE KEYS */;
INSERT INTO `czxt_user` VALUES (2,'李威','e10adc3949ba59abbe56e057f20f883e',1,'chall21@yeah.net',20,'2021-02-25 10:44:39',1),(3,'江斌','e10adc3949ba59abbe56e057f20f883e',0,'1559806840@qq.com',1,'2020-10-23 11:05:44',1),(4,'赵丽红','e10adc3949ba59abbe56e057f20f883e',1,'2923889186@qq.com',20,'2020-11-28 23:38:53',1),(5,'李威2','e10adc3949ba59abbe56e057f20f883e',0,'2905871069@qq.com',1,'2020-10-27 08:38:50',1),(6,'窦康泰','272e7b02a23578284113b15ba99ba770',1,'2636693728@qq.com',20,'2020-11-27 11:28:24',1),(7,'房杰祥','e10adc3949ba59abbe56e057f20f883e',0,'fmujie182@gmail.com',1,'2020-10-28 11:35:10',0),(8,'田所浩二','e10adc3949ba59abbe56e057f20f883e',0,NULL,1,'2020-10-28 11:38:24',0),(9,'fmujie','e10adc3949ba59abbe56e057f20f883e',0,'1935377905@qq.com',1,'2020-10-28 11:41:51',0),(10,'景汉伟','e10adc3949ba59abbe56e057f20f883e',1,'2226115031@qq.com',20,'2020-11-27 18:32:20',1),(11,'姜富超','264d38599e2939054b6841875f064b07',1,'mbw18254874523@163.com',20,'2020-11-27 12:28:02',1),(12,'于志家','677a959fc4eeef3fb352b514d3b2f76a',0,'1421738965@qq.com',1,'2020-10-28 18:31:10',1),(13,'张晨','e10adc3949ba59abbe56e057f20f883e',0,NULL,1,'2020-10-29 08:54:28',0),(14,'王佳祥','e10adc3949ba59abbe56e057f20f883e',0,NULL,1,'2020-10-29 08:55:06',0),(15,'陈义','e10adc3949ba59abbe56e057f20f883e',1,'2164029380@qq.com',20,'2020-11-28 19:32:04',1),(16,'带篮子','e10adc3949ba59abbe56e057f20f883e',1,'395246665@qq.com',20,'2020-11-28 20:11:02',1),(17,'Hcaratma','e10adc3949ba59abbe56e057f20f883e',0,NULL,1,'2020-10-29 19:34:00',0),(18,'施雅婕','a5dfde813d53ee8c95f38bda80b008d5',0,'2944413837@qq.com',1,'2020-10-29 19:34:41',1),(19,'1','e10adc3949ba59abbe56e057f20f883e',0,NULL,1,'2020-10-29 19:35:48',0),(20,'王飞','db1c099f6ad303e7ec2ef9382683341c',0,'2580946524@qq.com',1,'2020-10-30 12:45:09',1),(21,'齐文龙','ca8fbdb89e03560ae8d21eb497ca7f83',0,'524030020@qq.com',1,'2020-11-01 11:27:05',1),(22,'嘿嘿','b5d51732e083b47c9e11a1d050931d69',2,'3352024270@qq.com',999,'2020-12-01 13:43:10',1),(23,'苟振强','20c51bb4f0a8a20fc9bd9c441d8df532',0,'1458731556@qq.com',1,'2020-11-04 14:24:47',1),(24,'张文钟','e10adc3949ba59abbe56e057f20f883e',0,NULL,1,'2020-11-04 15:16:32',0),(25,'张鑫豪','de9dde14406fb0f6af5413235786eab0',1,'13963497437@163.com',20,'2020-12-01 20:06:04',1),(26,'a10001','010e3f139b550b93269843f06c877fb1',0,'haobaoyuan000@163.com',1,'2020-11-04 20:38:25',1),(27,'白峰强','e10adc3949ba59abbe56e057f20f883e',0,'1041830654@qq.com',1,'2020-11-04 21:11:58',0),(28,'李伟','e10adc3949ba59abbe56e057f20f883e',0,'5648464@qq.com',1,'2020-11-05 00:22:10',0),(29,'陈俊','e10adc3949ba59abbe56e057f20f883e',0,NULL,1,'2020-11-05 00:24:35',0),(30,'莫名其妙','e10adc3949ba59abbe56e057f20f883e',0,NULL,1,'2020-11-05 15:08:17',0);
/*!40000 ALTER TABLE `czxt_user` ENABLE KEYS */;
UNLOCK TABLES;

--
-- Table structure for table `s8`
--

DROP TABLE IF EXISTS `s8`;
/*!40101 SET @saved_cs_client     = @@character_set_client */;
/*!40101 SET character_set_client = utf8 */;
CREATE TABLE `s8` (
  `chapter` int(11) NOT NULL,
  `questions` varchar(100) NOT NULL,
  `answer` varchar(50) NOT NULL
) ENGINE=MyISAM DEFAULT CHARSET=utf8;
/*!40101 SET character_set_client = @saved_cs_client */;

--
-- Dumping data for table `s8`
--

LOCK TABLES `s8` WRITE;
/*!40000 ALTER TABLE `s8` DISABLE KEYS */;
INSERT INTO `s8` VALUES (1,'操作系统的设计目标：_；_；_；_。','方便性,有效性,可扩充性,开放性'),(1,'_和_是操作系统设计中最重要的两个目标。','方便性,有效性'),(1,'1990年后，_已成为新系统或软件能否被广泛应用的至关重要的因素。','开放性'),(1,'操作系统的基本特征：_：_；_；_。','并发性,共享性,虚拟性,异步性'),(1,'_和_是多用户、多任务操作系统两个最基本的特征。','并发性,共享性'),(1,'_是多用户、多任务操作系统最重要的特征。','并发性'),(1,'在OS基本特征中，_是指进程是以人们不可预知的速度向前推进的。','异步性'),(1,'操作系统基本类型：_；_；_。','批处理系统,分时系统,实时系统'),(1,'在操作系统基本类型中，_是实时系统最重要的特征。','可靠性'),(1,'操作系统的主要功能：_；_；_；_；_。','处理机管理,存储器管理,设备管理,文件管理,用户接口'),(1,'操作系统的用户接口：_；_：_。','命令接口,程序接口,图形用户接口'),(1,'在操作系统接口中，_亦称为_。','程序接口,系统调用'),(1,'目前比较流行的操作系统（实例)：_；_；_。','Windows,UNIX,Linux'),(1,'UNIX系统最本质的特征（英文缩写)：_。','OSI'),(1,'UNIX系统的内核结构可分成两大部分：_；_。','进程控制子系统,文件子系统'),(2,'进程三种基本状态：_；_，_。','就绪状态,执行状态,阻塞状态'),(2,'进程所请求的一次I/O完成后，将使进程状态从_变为_。','阻塞状态,就绪状态'),(2,'操作系统中处于执行状态的进程时间片用完后，进程状态将转变为_。','就绪状态'),(2,'操作系统中处于执行状态的进程提出I/O请求后，进程状态将转变为_。','阻塞状态'),(2,'进程三种基本状态中，_是指进程已分配到除CPU以外的所有必要资源。','就绪状态'),(2,'进程同步机制应遵循的准则：_；_；_；_。','空闲让进,忙则等待,有限等待,让权等待'),(2,'同步机制准则中，_是指当进程不能进入自己的临界区时，应立即释放处理机。','让权等待'),(2,'进程、文件、线程在系统中存在的唯一标志（英文缩写）：_；_；_。','PCB,FCB,TCB'),(2,'在文件系统中，文件属性信息存储在数据结构(英文缩写)_中。','FCB'),(2,'操作系统利用数据结构(英文缩写)_描述进程的基本情况和活动过程。','PCB'),(2,'系统将被中断进程的CPU现场信息保存在该进程的数据结构(英文缩写)_中。','PCB'),(2,'在操作系统中，实现进程同步的机制：_；_。','信号量机制,管程机制'),(2,'1965年．荷兰学者Dijkstra提出的_是一种卓有成效的进程同步工具。','信号量机制'),(3,'产生进程死锁的必要条件：_；_；_；_。','互斥条件,请求和保持条件,不剥夺条件,环路等待条件'),(3,'在死锁的条件中，_是指进程已获得的资源只能在使用完时由自己释放。','不剥夺条件'),(3,'在死锁的条件中，_是指在一段时间内，某资源只能被一个进程占用。','互斥条件'),(3,'资源的按序分配法是摒弃死锁条件中的_来预防死锁的发生。','环路等待条件'),(3,'现代操作系统产生死领的条件中，_是不能被摒弃来预防死锁的发生。','互斥条件'),(3,'抢占式进程调度方式基于的主要原则：_；_；_。','优先权原则,短进程优先原则,时间片原则'),(3,'通常采用解除死锁的两种方法：_；_。','剥夺资源,撤消进程'),(3,'产生进程死锁的原因可归结为两点：_；_。','竞争资源,进程间推进顺序非法'),(4,'1968年，Peter J. Denning指出程序执行时呈现出：_；_。','时间局限性,空间局限性'),(4,'虚拟存储器的理论依据：_。','局部性原理'),(4,'在_中，产生_的典型原因是在程序中存在若大量的循环操作。','局部性原理,时间局限性'),(4,'在_中，产生_的典型情况是程序的顺序执行。','局部性原理,空间局限性'),(4,'请求分页系统的主要硬件支持：_：_：_。','请求页表机制,缺页中断机构,地址变换机构'),(4,'在请求分页系统的硬件支持中，当所要访问的页面不在内存时，由_实现。','缺页中断机构'),(4,'在请求分页系统的硬件支持中，页面置换算法需要应用_实现。','请求页表机制'),(5,'设备分配中的主要数据结构（英文缩写）：_;_;_;_。','DCT,COCT,CHCT,SDT'),(5,'为了实现设备的独立性，系统必须设置(英文缩写)：_。','LUT'),(5,'在设备分配中，用于记录每一个设备情况的数据结构(英文缩写)：_。','DCT'),(5,'在设备分配中，用于记录全部设备情况的数据结构(英文缩写)：_。','SDT'),(5,'在设备分配中，用于记录每一个控制器情况的数据结构(英义缩写)：_。','COCT'),(5,'解决_“瓶颈”问题最有效的方法是增加设备到主机间的_。','通道,通路'),(5,'按设备的固有属性分类，将I/O设备分为：_；_；_。','独占设备,共享设备,虚拟设备'),(5,'将一台物理I/O设备虚拟为多台逻辑I/O设备的技术：_。','SPOOLing'),(5,'按设备的固有属性分类中，_属于临界资源，即进程临界区访问的资源。','独占设备'),(5,'按设备的固有属性分类中，典型的_有打印机、磁带机等。','独占设备'),(5,'按设备的固有属性分类中，典型的_有磁盘、光盘等。','共享设备'),(5,'在假脱机打印机系统中，按设备的固有属性分类，是将_改造为_。','独占设备,共享设备'),(5,'在假脱机打印机系统中，按设备的固有属性分类，实现了_功能。','虚拟设备'),(5,'_技术是对脱机I/O系统的模拟，或称为假脱机技术。','SPOOLing'),(6,'目录管理的主要功能：_；_；_；_。','按名存取,提高检索速度,文件共享,允许文件重名'),(6,'在索引节点中设置链接引用(links)计数的目的是为了实现目录管理的_功能。','文件共享'),(6,'实现“_”是文件系统目录管理中最基本的功能。','按名存取'),(6,'实现“_”是文件系统向用户提供的最基本的服务。','按名存取'),(6,'影响文件安全性的主要因素：_；_；_。','人为因素,系统因素,自然因素'),(6,'保证文件系统安全性的主要措施：_；_；_。','存取控制,容错技术,后备系统'),(6,'通过建立_，防止由_所造成的文件系统的不安全性。','后备系统,自然因素'),(6,'通过_机制，防止由_所造成的文件系统的不安全性。','存取控制,人为因素'),(6,'通过采取_，防止由_所造成的文件系统的不安全性。','容错技术,系统因素'),(6,'目前，常用的文件（外存）分配方法：_：_；_。','连续分配,链接分配,索引分配');
/*!40000 ALTER TABLE `s8` ENABLE KEYS */;
UNLOCK TABLES;

--
-- Dumping routines for database 'czxt_honghong520'
--
/*!40103 SET TIME_ZONE=@OLD_TIME_ZONE */;

/*!40101 SET SQL_MODE=@OLD_SQL_MODE */;
/*!40014 SET FOREIGN_KEY_CHECKS=@OLD_FOREIGN_KEY_CHECKS */;
/*!40014 SET UNIQUE_CHECKS=@OLD_UNIQUE_CHECKS */;
/*!40101 SET CHARACTER_SET_CLIENT=@OLD_CHARACTER_SET_CLIENT */;
/*!40101 SET CHARACTER_SET_RESULTS=@OLD_CHARACTER_SET_RESULTS */;
/*!40101 SET COLLATION_CONNECTION=@OLD_COLLATION_CONNECTION */;
/*!40111 SET SQL_NOTES=@OLD_SQL_NOTES */;

-- Dump completed on 2020-12-19  9:41:08
